{"cameraMode":{"drawMode":0,"name":"Shaded","section":"Shading Mode"},"sceneLighting":true,"audioPlay":false,"sceneViewState":{"m_AlwaysRefresh":false,"showFog":true,"showSkybox":true,"showFlares":true,"showImageEffects":true,"showParticleSystems":true,"showVisualEffectGraphs":true,"m_FxEnabled":true},"in2DMode":false,"pivot":{"x":0.18046265840530396,"y":10.738580703735352,"z":0.31444108486175539},"rotation":{"x":0.05269701033830643,"y":-0.8867814540863037,"z":0.1045120507478714,"w":0.4472311735153198},"size":21.523040771484376,"orthographic":false}