{"cameraMode":{"drawMode":0,"name":"Shaded","section":"Shading Mode"},"sceneLighting":true,"audioPlay":false,"sceneViewState":{"m_AlwaysRefresh":false,"showFog":true,"showSkybox":true,"showFlares":true,"showImageEffects":true,"showParticleSystems":true,"showVisualEffectGraphs":true,"m_FxEnabled":true},"in2DMode":false,"pivot":{"x":-0.020726963877677919,"y":10.604799270629883,"z":0.5398961305618286},"rotation":{"x":0.0014509925385937095,"y":-0.9985169768333435,"z":0.03327275440096855,"w":0.044069234281778339},"size":0.7888874411582947,"orthographic":false}